set,track,영역,문항,정답,배점,정답_횟수,회차수,정답률,최빈_예측,예측_종류수,예측_분포,회차별_예측,정답_확률_평균,정답_확률_표준편차,정답_확률_최소,정답_확률_최대,①_평균,②_평균,③_평균,④_평균,⑤_평균
공통_01-03,공통,독서,1,③,2,10,10,1.0,③,1,③×10,③③③③③③③③③③,1.0,0.0,1.0,1.0,0.0,0.0,1.0,0.0,0.0
공통_01-03,공통,독서,2,⑤,2,10,10,1.0,⑤,1,⑤×10,⑤⑤⑤⑤⑤⑤⑤⑤⑤⑤,1.0,0.0,1.0,1.0,0.0,0.0,0.0,0.0,1.0
공통_01-03,공통,독서,3,④,3,10,10,1.0,④,1,④×10,④④④④④④④④④④,0.951,0.0099,0.93,0.96,0.007,0.0,0.031,0.951,0.011
공통_04-09,공통,독서,4,①,2,10,10,1.0,①,1,①×10,①①①①①①①①①①,0.909,0.0074,0.9,0.92,0.909,0.0,0.081,0.0,0.01
공통_04-09,공통,독서,5,④,2,10,10,1.0,④,1,④×10,④④④④④④④④④④,0.999,0.0032,0.99,1.0,0.001,0.0,0.0,0.999,0.0
공통_04-09,공통,독서,6,②,2,10,10,1.0,②,1,②×10,②②②②②②②②②②,0.901,0.0185,0.86,0.93,0.001,0.901,0.0,0.098,0.0
공통_04-09,공통,독서,7,⑤,2,10,10,1.0,⑤,1,⑤×10,⑤⑤⑤⑤⑤⑤⑤⑤⑤⑤,0.595,0.0515,0.55,0.7,0.0,0.261,0.028,0.115,0.595
공통_04-09,공통,독서,8,③,3,10,10,1.0,③,1,③×10,③③③③③③③③③③,0.704,0.0158,0.68,0.73,0.029,0.022,0.704,0.022,0.223
공통_04-09,공통,독서,9,⑤,2,10,10,1.0,⑤,1,⑤×10,⑤⑤⑤⑤⑤⑤⑤⑤⑤⑤,0.897,0.0125,0.88,0.91,0.013,0.01,0.07,0.01,0.897
공통_10-13,공통,독서,10,⑤,2,10,10,1.0,⑤,1,⑤×10,⑤⑤⑤⑤⑤⑤⑤⑤⑤⑤,1.0,0.0,1.0,1.0,0.0,0.0,0.0,0.0,1.0
공통_10-13,공통,독서,11,③,2,10,10,1.0,③,1,③×10,③③③③③③③③③③,0.904,0.0868,0.67,0.97,0.02,0.0,0.904,0.066,0.01
공통_10-13,공통,독서,12,①,3,10,10,1.0,①,1,①×10,①①①①①①①①①①,0.979,0.0099,0.97,0.99,0.979,0.008,0.005,0.003,0.005
공통_10-13,공통,독서,13,①,2,10,10,1.0,①,1,①×10,①①①①①①①①①①,0.931,0.0179,0.91,0.95,0.931,0.038,0.01,0.015,0.006
공통_14-17,공통,독서,14,⑤,2,10,10,1.0,⑤,1,⑤×10,⑤⑤⑤⑤⑤⑤⑤⑤⑤⑤,0.932,0.0162,0.91,0.96,0.007,0.0,0.01,0.051,0.932
공통_14-17,공통,독서,15,①,2,10,10,1.0,①,1,①×10,①①①①①①①①①①,0.999,0.0032,0.99,1.0,0.999,0.0,0.0,0.0,0.001
공통_14-17,공통,독서,16,②,2,10,10,1.0,②,1,②×10,②②②②②②②②②②,0.699,0.0623,0.59,0.78,0.007,0.699,0.05,0.012,0.232
공통_14-17,공통,독서,17,③,3,0,10,0.0,②,1,②×10,②②②②②②②②②②,0.245,0.0435,0.16,0.31,0.066,0.635,0.245,0.022,0.032
공통_18-21,공통,문학,18,②,2,0,10,0.0,④,1,④×10,④④④④④④④④④④,0.21,0.0221,0.18,0.25,0.062,0.21,0.051,0.396,0.28
공통_18-21,공통,문학,19,④,2,0,10,0.0,③,1,③×10,③③③③③③③③③③,0.1,0.0082,0.09,0.11,0.03,0.104,0.597,0.1,0.169
공통_18-21,공통,문학,20,③,2,10,10,1.0,③,1,③×10,③③③③③③③③③③,0.533,0.0327,0.47,0.58,0.051,0.138,0.533,0.031,0.247
공통_18-21,공통,문학,21,②,3,0,10,0.0,③,1,③×10,③③③③③③③③③③,0.157,0.0183,0.13,0.18,0.067,0.157,0.595,0.101,0.08
공통_22-26,공통,문학,22,⑤,2,0,10,0.0,②,1,②×10,②②②②②②②②②②,0.349,0.0495,0.27,0.43,0.048,0.514,0.01,0.079,0.349
공통_22-26,공통,문학,23,①,3,10,10,1.0,①,1,①×10,①①①①①①①①①①,0.851,0.012,0.83,0.87,0.851,0.032,0.01,0.069,0.038
공통_22-26,공통,문학,24,④,2,10,10,1.0,④,1,④×10,④④④④④④④④④④,0.756,0.06,0.63,0.84,0.012,0.145,0.048,0.756,0.039
공통_22-26,공통,문학,25,④,2,10,10,1.0,④,1,④×10,④④④④④④④④④④,0.985,0.0053,0.98,0.99,0.01,0.005,0.0,0.985,0.0
공통_22-26,공통,문학,26,②,2,10,10,1.0,②,1,②×10,②②②②②②②②②②,0.873,0.0125,0.85,0.9,0.01,0.873,0.057,0.01,0.05
공통_27-30,공통,문학,27,⑤,2,10,10,1.0,⑤,1,⑤×10,⑤⑤⑤⑤⑤⑤⑤⑤⑤⑤,0.95,0.0,0.95,0.95,0.01,0.01,0.02,0.01,0.95
공통_27-30,공통,문학,28,⑤,2,10,10,1.0,⑤,1,⑤×10,⑤⑤⑤⑤⑤⑤⑤⑤⑤⑤,0.716,0.0267,0.67,0.76,0.064,0.106,0.11,0.004,0.716
공통_27-30,공통,문학,29,①,2,10,10,1.0,①,1,①×10,①①①①①①①①①①,0.848,0.0249,0.81,0.89,0.848,0.131,0.01,0.0,0.011
공통_27-30,공통,문학,30,③,3,10,10,1.0,③,1,③×10,③③③③③③③③③③,0.698,0.021,0.65,0.72,0.047,0.1,0.698,0.079,0.076
공통_31-34,공통,문학,31,②,2,10,10,1.0,②,1,②×10,②②②②②②②②②②,0.458,0.0343,0.41,0.51,0.106,0.458,0.225,0.083,0.128
공통_31-34,공통,문학,32,④,2,10,10,1.0,④,1,④×10,④④④④④④④④④④,0.636,0.0369,0.57,0.71,0.04,0.086,0.053,0.636,0.185
공통_31-34,공통,문학,33,①,2,10,10,1.0,①,1,①×10,①①①①①①①①①①,0.646,0.0477,0.59,0.73,0.646,0.021,0.009,0.287,0.037
공통_31-34,공통,문학,34,③,3,2,10,0.2,④,2,④×8 ③×2,④④③④③④④④④④,0.269,0.0384,0.2,0.34,0.059,0.21,0.269,0.301,0.161
화작_35-37,화작,화법과 작문,35,②,2,10,10,1.0,②,1,②×10,②②②②②②②②②②,0.997,0.0048,0.99,1.0,0.0,0.997,0.0,0.0,0.003
화작_35-37,화작,화법과 작문,36,⑤,2,10,10,1.0,⑤,1,⑤×10,⑤⑤⑤⑤⑤⑤⑤⑤⑤⑤,0.99,0.0,0.99,0.99,0.0,0.01,0.0,0.0,0.99
화작_35-37,화작,화법과 작문,37,③,2,10,10,1.0,③,1,③×10,③③③③③③③③③③,0.937,0.0125,0.92,0.95,0.011,0.0,0.937,0.019,0.032
화작_38-42,화작,화법과 작문,38,①,2,0,10,0.0,③,1,③×10,③③③③③③③③③③,0.244,0.0344,0.19,0.3,0.244,0.083,0.504,0.11,0.059
화작_38-42,화작,화법과 작문,39,②,2,10,10,1.0,②,1,②×10,②②②②②②②②②②,0.688,0.0371,0.63,0.75,0.096,0.688,0.033,0.025,0.158
화작_38-42,화작,화법과 작문,40,⑤,3,10,10,1.0,⑤,1,⑤×10,⑤⑤⑤⑤⑤⑤⑤⑤⑤⑤,0.703,0.0775,0.57,0.81,0.179,0.096,0.02,0.001,0.703
화작_38-42,화작,화법과 작문,41,④,2,10,10,1.0,④,1,④×10,④④④④④④④④④④,1.0,0.0,1.0,1.0,0.0,0.0,0.0,1.0,0.0
화작_38-42,화작,화법과 작문,42,④,2,10,10,1.0,④,1,④×10,④④④④④④④④④④,0.614,0.0334,0.55,0.66,0.13,0.092,0.138,0.614,0.026
화작_43-45,화작,화법과 작문,43,③,2,10,10,1.0,③,1,③×10,③③③③③③③③③③,0.881,0.0233,0.85,0.92,0.006,0.001,0.881,0.01,0.102
화작_43-45,화작,화법과 작문,44,②,2,10,10,1.0,②,1,②×10,②②②②②②②②②②,0.991,0.0032,0.99,1.0,0.0,0.991,0.0,0.0,0.009
화작_43-45,화작,화법과 작문,45,⑤,3,0,10,0.0,②,1,②×10,②②②②②②②②②②,0.345,0.0303,0.29,0.4,0.021,0.546,0.041,0.046,0.345
언매_35-36,언매,언어와 매체,35,③,2,10,10,1.0,③,1,③×10,③③③③③③③③③③,0.561,0.039,0.51,0.64,0.012,0.01,0.561,0.405,0.011
언매_35-36,언매,언어와 매체,36,②,3,0,10,0.0,⑤,1,⑤×10,⑤⑤⑤⑤⑤⑤⑤⑤⑤⑤,0.132,0.0063,0.12,0.14,0.224,0.132,0.22,0.09,0.334
언매_37,언매,언어와 매체,37,④,2,0,10,0.0,②,1,②×10,②②②②②②②②②②,0.245,0.0151,0.22,0.27,0.198,0.321,0.156,0.245,0.08
언매_38,언매,언어와 매체,38,④,2,10,10,1.0,④,1,④×10,④④④④④④④④④④,0.73,0.0359,0.67,0.78,0.05,0.156,0.032,0.73,0.032
언매_39,언매,언어와 매체,39,①,2,0,10,0.0,④,1,④×10,④④④④④④④④④④,0.09,0.0133,0.07,0.12,0.09,0.136,0.026,0.673,0.075
언매_40-43,언매,언어와 매체,40,②,2,10,10,1.0,②,1,②×10,②②②②②②②②②②,0.935,0.0097,0.92,0.95,0.055,0.935,0.0,0.01,0.0
언매_40-43,언매,언어와 매체,41,④,2,0,10,0.0,②,1,②×10,②②②②②②②②②②,0.085,0.0127,0.07,0.11,0.079,0.746,0.031,0.085,0.059
언매_40-43,언매,언어와 매체,42,⑤,3,10,10,1.0,⑤,1,⑤×10,⑤⑤⑤⑤⑤⑤⑤⑤⑤⑤,0.96,0.0067,0.95,0.97,0.009,0.011,0.0,0.02,0.96
언매_40-43,언매,언어와 매체,43,②,2,10,10,1.0,②,1,②×10,②②②②②②②②②②,0.828,0.027,0.79,0.88,0.105,0.828,0.027,0.023,0.016
언매_44-45,언매,언어와 매체,44,④,2,10,10,1.0,④,1,④×10,④④④④④④④④④④,0.936,0.0171,0.9,0.96,0.01,0.009,0.035,0.936,0.01
언매_44-45,언매,언어와 매체,45,③,2,10,10,1.0,③,1,③×10,③③③③③③③③③③,0.818,0.0322,0.76,0.85,0.095,0.011,0.818,0.022,0.054
