회차,시작,응답_모델,공통 + 화법과 작문_원점수,공통 + 화법과 작문_등급,공통 + 화법과 작문_표준점수_추정,공통 + 화법과 작문_백분위_추정,공통 + 화법과 작문_정답수,공통 + 언어와 매체_원점수,공통 + 언어와 매체_등급,공통 + 언어와 매체_표준점수_추정,공통 + 언어와 매체_백분위_추정,공통 + 언어와 매체_정답수,독서_득점,문학_득점,화법과 작문_득점,언어와 매체_득점,전체_실행_s,호출_중앙값_s,호출_평균_s,호출_최대_s,ECE,input_tokens,output_tokens,비용_USD,오류_세트수,틀린_문항
1,2026-10-04T06:29:29.530+00:00,jev-1.13.0,80,3,123.3,85.4,37,76,3,124.0,86.3,35,35,26,19,15,1.785,0.322,0.383,0.65,0.1213,47716,2898,0.002004,0,17 18 19 21 22 34 38 45 36 37 39 41
2,2026-10-04T06:29:31.384+00:00,jev-1.13.0,80,3,123.3,85.4,37,76,3,124.0,86.3,35,35,26,19,15,1.552,0.287,0.309,0.479,0.0623,47716,2898,0.002004,0,17 18 19 21 22 34 38 45 36 37 39 41
3,2026-10-04T06:29:32.947+00:00,jev-1.13.0,83,2,126.0,89.0,38,79,2,127.0,90.0,36,35,29,19,15,1.371,0.268,0.299,0.407,0.0704,47716,2898,0.002004,0,17 18 19 21 22 38 45 36 37 39 41
4,2026-10-04T06:29:34.332+00:00,jev-1.13.0,80,3,123.3,85.4,37,76,3,124.0,86.3,35,35,26,19,15,1.46,0.285,0.307,0.485,0.0704,47716,2898,0.002004,0,17 18 19 21 22 34 38 45 36 37 39 41
5,2026-10-04T06:29:35.801+00:00,jev-1.13.0,83,2,126.0,89.0,38,79,2,127.0,90.0,36,35,29,19,15,1.427,0.288,0.302,0.409,0.0525,47716,2898,0.002004,0,17 18 19 21 22 38 45 36 37 39 41
6,2026-10-04T06:29:37.235+00:00,jev-1.13.0,80,3,123.3,85.4,37,76,3,124.0,86.3,35,35,26,19,15,1.452,0.305,0.313,0.41,0.0739,47716,2898,0.002004,0,17 18 19 21 22 34 38 45 36 37 39 41
7,2026-10-04T06:29:38.697+00:00,jev-1.13.0,80,3,123.3,85.4,37,76,3,124.0,86.3,35,35,26,19,15,1.59,0.284,0.332,0.505,0.0827,47716,2898,0.002004,0,17 18 19 21 22 34 38 45 36 37 39 41
8,2026-10-04T06:29:40.297+00:00,jev-1.13.0,80,3,123.3,85.4,37,76,3,124.0,86.3,35,35,26,19,15,1.551,0.284,0.317,0.416,0.0991,47716,2898,0.002004,0,17 18 19 21 22 34 38 45 36 37 39 41
9,2026-10-04T06:29:41.858+00:00,jev-1.13.0,80,3,123.3,85.4,37,76,3,124.0,86.3,35,35,26,19,15,1.405,0.313,0.311,0.512,0.105,47716,2898,0.002004,0,17 18 19 21 22 34 38 45 36 37 39 41
10,2026-10-04T06:29:43.274+00:00,jev-1.13.0,80,3,123.3,85.4,37,76,3,124.0,86.3,35,35,26,19,15,1.414,0.245,0.302,0.521,0.0739,47716,2898,0.002004,0,17 18 19 21 22 34 38 45 36 37 39 41
