set,track,영역,문항,예측,정답,정오,배점,득점,확신도,정답_확률,①,②,③,④,⑤
공통_01-03,공통,독서,1,③,③,O,2,2,0.99,1.0,0.0,0.0,1.0,0.0,0.0
공통_01-03,공통,독서,2,⑤,⑤,O,2,2,1.0,1.0,0.0,0.0,0.0,0.0,1.0
공통_01-03,공통,독서,3,④,④,O,3,3,0.93,0.95,0.01,0.0,0.03,0.95,0.01
공통_04-09,공통,독서,4,①,①,O,2,2,0.88,0.91,0.91,0.0,0.08,0.0,0.01
공통_04-09,공통,독서,5,④,④,O,2,2,0.99,1.0,0.0,0.0,0.0,1.0,0.0
공통_04-09,공통,독서,6,②,②,O,2,2,0.88,0.91,0.0,0.91,0.0,0.09,0.0
공통_04-09,공통,독서,7,⑤,⑤,O,2,2,0.47,0.57,0.0,0.26,0.03,0.14,0.57
공통_04-09,공통,독서,8,③,③,O,3,3,0.69,0.75,0.03,0.02,0.75,0.02,0.18
공통_04-09,공통,독서,9,⑤,⑤,O,2,2,0.9,0.92,0.01,0.01,0.05,0.01,0.92
공통_10-13,공통,독서,10,⑤,⑤,O,2,2,1.0,1.0,0.0,0.0,0.0,0.0,1.0
공통_10-13,공통,독서,11,③,③,O,2,2,0.92,0.93,0.02,0.0,0.93,0.04,0.01
공통_10-13,공통,독서,12,①,①,O,3,3,0.98,0.99,0.99,0.01,0.0,0.0,0.0
공통_10-13,공통,독서,13,①,①,O,2,2,0.91,0.93,0.93,0.04,0.01,0.01,0.01
공통_14-17,공통,독서,14,⑤,⑤,O,2,2,0.9,0.92,0.01,0.0,0.01,0.06,0.92
공통_14-17,공통,독서,15,①,①,O,2,2,0.99,1.0,1.0,0.0,0.0,0.0,0.0
공통_14-17,공통,독서,16,②,②,O,2,2,0.65,0.72,0.01,0.72,0.04,0.01,0.22
공통_14-17,공통,독서,17,②,③,X,3,0,0.57,0.2,0.08,0.66,0.2,0.03,0.03
공통_18-21,공통,문학,18,④,②,X,2,0,0.2,0.26,0.07,0.26,0.05,0.37,0.25
공통_18-21,공통,문학,19,③,④,X,2,0,0.52,0.11,0.03,0.09,0.61,0.11,0.16
공통_18-21,공통,문학,20,③,③,O,2,2,0.33,0.47,0.07,0.18,0.47,0.03,0.25
공통_18-21,공통,문학,21,③,②,X,3,0,0.48,0.16,0.06,0.16,0.59,0.1,0.09
공통_22-26,공통,문학,22,②,⑤,X,2,0,0.37,0.36,0.05,0.49,0.01,0.09,0.36
공통_22-26,공통,문학,23,①,①,O,3,3,0.81,0.85,0.85,0.04,0.01,0.06,0.04
공통_22-26,공통,문학,24,④,④,O,2,2,0.68,0.75,0.01,0.15,0.05,0.75,0.04
공통_22-26,공통,문학,25,④,④,O,2,2,0.97,0.98,0.01,0.01,0.0,0.98,0.0
공통_22-26,공통,문학,26,②,②,O,2,2,0.87,0.9,0.01,0.9,0.04,0.01,0.04
공통_27-30,공통,문학,27,⑤,⑤,O,2,2,0.95,0.95,0.01,0.01,0.02,0.01,0.95
공통_27-30,공통,문학,28,⑤,⑤,O,2,2,0.62,0.69,0.07,0.11,0.12,0.01,0.69
공통_27-30,공통,문학,29,①,①,O,2,2,0.85,0.88,0.88,0.1,0.01,0.0,0.01
공통_27-30,공통,문학,30,③,③,O,3,3,0.6,0.68,0.06,0.1,0.68,0.09,0.07
공통_31-34,공통,문학,31,②,②,O,2,2,0.33,0.47,0.08,0.47,0.23,0.08,0.14
공통_31-34,공통,문학,32,④,④,O,2,2,0.53,0.63,0.03,0.08,0.06,0.63,0.2
공통_31-34,공통,문학,33,①,①,O,2,2,0.51,0.6,0.6,0.03,0.01,0.32,0.04
공통_31-34,공통,문학,34,③,③,O,3,3,0.14,0.32,0.05,0.19,0.32,0.29,0.15
화작_35-37,화작,화법과 작문,35,②,②,O,2,2,0.99,1.0,0.0,1.0,0.0,0.0,0.0
화작_35-37,화작,화법과 작문,36,⑤,⑤,O,2,2,0.99,0.99,0.0,0.01,0.0,0.0,0.99
화작_35-37,화작,화법과 작문,37,③,③,O,2,2,0.91,0.93,0.01,0.0,0.93,0.02,0.04
화작_38-42,화작,화법과 작문,38,③,①,X,2,0,0.35,0.27,0.27,0.08,0.49,0.11,0.05
화작_38-42,화작,화법과 작문,39,②,②,O,2,2,0.62,0.7,0.11,0.7,0.03,0.03,0.13
화작_38-42,화작,화법과 작문,40,⑤,⑤,O,3,3,0.66,0.74,0.14,0.1,0.02,0.0,0.74
화작_38-42,화작,화법과 작문,41,④,④,O,2,2,1.0,1.0,0.0,0.0,0.0,1.0,0.0
화작_38-42,화작,화법과 작문,42,④,④,O,2,2,0.53,0.63,0.14,0.08,0.13,0.63,0.02
화작_43-45,화작,화법과 작문,43,③,③,O,2,2,0.83,0.86,0.01,0.0,0.86,0.01,0.12
화작_43-45,화작,화법과 작문,44,②,②,O,2,2,0.98,0.99,0.0,0.99,0.0,0.0,0.01
화작_43-45,화작,화법과 작문,45,②,⑤,X,3,0,0.46,0.32,0.02,0.56,0.05,0.05,0.32
언매_35-36,언매,언어와 매체,35,③,③,O,2,2,0.41,0.53,0.02,0.01,0.53,0.43,0.01
언매_35-36,언매,언어와 매체,36,⑤,②,X,3,0,0.17,0.13,0.2,0.13,0.24,0.09,0.34
언매_37,언매,언어와 매체,37,②,④,X,2,0,0.15,0.24,0.21,0.32,0.15,0.24,0.08
언매_38,언매,언어와 매체,38,④,④,O,2,2,0.73,0.78,0.06,0.11,0.02,0.78,0.03
언매_39,언매,언어와 매체,39,④,①,X,2,0,0.57,0.09,0.09,0.16,0.03,0.66,0.06
언매_40-43,언매,언어와 매체,40,②,②,O,2,2,0.91,0.93,0.06,0.93,0.0,0.01,0.0
언매_40-43,언매,언어와 매체,41,②,④,X,2,0,0.66,0.11,0.07,0.74,0.03,0.11,0.05
언매_40-43,언매,언어와 매체,42,⑤,⑤,O,3,3,0.96,0.97,0.01,0.01,0.0,0.01,0.97
언매_40-43,언매,언어와 매체,43,②,②,O,2,2,0.82,0.86,0.08,0.86,0.03,0.02,0.01
언매_44-45,언매,언어와 매체,44,④,④,O,2,2,0.94,0.94,0.01,0.01,0.03,0.94,0.01
언매_44-45,언매,언어와 매체,45,③,③,O,2,2,0.71,0.76,0.15,0.02,0.76,0.02,0.05
