set,track,영역,문항,예측,정답,정오,배점,득점,확신도,정답_확률,정답_순위,1순위_확률,2순위,2순위_확률,1·2순위_차,엔트로피_bit,로그손실,브라이어,확률합,①,②,③,④,⑤,호출_문항수,호출_시간_s,호출_입력토큰,호출_출력토큰,문항당_비용_USD,request_id,오류
공통_01-03,공통,독서,1,③,③,O,2,2,0.99,1.0,1,1.0,①,0.0,1.0,0.0,0.0,0.0,1.0,0.0,0.0,1.0,0.0,0.0,3,0.4852,2219,153,3.107e-05,req_01a1059a83c573a4a23d6f6d3b04aa77,
공통_01-03,공통,독서,2,⑤,⑤,O,2,2,1.0,1.0,1,1.0,①,0.0,1.0,0.0,0.0,0.0,1.0,0.0,0.0,0.0,0.0,1.0,3,0.4852,2219,153,3.107e-05,req_01a1059a83c573a4a23d6f6d3b04aa77,
공통_01-03,공통,독서,3,④,④,O,3,3,0.93,0.96,1,0.96,③,0.03,0.93,0.2747,0.0408,0.0026,1.0,0.0,0.0,0.03,0.96,0.01,3,0.4852,2219,153,3.107e-05,req_01a1059a83c573a4a23d6f6d3b04aa77,
공통_04-09,공통,독서,4,①,①,O,2,2,0.89,0.91,1,0.91,③,0.08,0.83,0.4818,0.0943,0.0146,1.0,0.91,0.0,0.08,0.0,0.01,6,0.4738,4180,303,2.926e-05,req_01a1059a83c77237bf50c469d7aadb7a,
공통_04-09,공통,독서,5,④,④,O,2,2,0.99,1.0,1,1.0,①,0.0,1.0,0.0,0.0,0.0,1.0,0.0,0.0,0.0,1.0,0.0,6,0.4738,4180,303,2.926e-05,req_01a1059a83c77237bf50c469d7aadb7a,
공통_04-09,공통,독서,6,②,②,O,2,2,0.87,0.9,1,0.9,④,0.1,0.8,0.469,0.1054,0.02,1.0,0.0,0.9,0.0,0.1,0.0,6,0.4738,4180,303,2.926e-05,req_01a1059a83c77237bf50c469d7aadb7a,
공통_04-09,공통,독서,7,⑤,⑤,O,2,2,0.44,0.55,1,0.55,②,0.28,0.27,1.523,0.5978,0.2987,0.99,0.0,0.28,0.03,0.13,0.55,6,0.4738,4180,303,2.926e-05,req_01a1059a83c77237bf50c469d7aadb7a,
공통_04-09,공통,독서,8,③,③,O,3,3,0.66,0.73,1,0.73,⑤,0.2,0.53,1.1733,0.3147,0.1146,1.0,0.03,0.02,0.73,0.02,0.2,6,0.4738,4180,303,2.926e-05,req_01a1059a83c77237bf50c469d7aadb7a,
공통_04-09,공통,독서,9,⑤,⑤,O,2,2,0.9,0.91,1,0.91,③,0.06,0.85,0.5667,0.0943,0.012,1.0,0.01,0.01,0.06,0.01,0.91,6,0.4738,4180,303,2.926e-05,req_01a1059a83c77237bf50c469d7aadb7a,
공통_10-13,공통,독서,10,⑤,⑤,O,2,2,1.0,1.0,1,1.0,①,0.0,1.0,0.0,0.0,0.0,1.0,0.0,0.0,0.0,0.0,1.0,4,0.4773,3217,207,3.378e-05,req_01a1059a83b3794b998f1e0341e20fa3,
공통_10-13,공통,독서,11,③,③,O,2,2,0.87,0.9,1,0.9,④,0.06,0.84,0.5985,0.1054,0.0146,1.0,0.03,0.0,0.9,0.06,0.01,4,0.4773,3217,207,3.378e-05,req_01a1059a83b3794b998f1e0341e20fa3,
공통_10-13,공통,독서,12,①,①,O,3,3,0.98,0.99,1,0.99,⑤,0.01,0.98,0.0808,0.0101,0.0002,1.0,0.99,0.0,0.0,0.0,0.01,4,0.4773,3217,207,3.378e-05,req_01a1059a83b3794b998f1e0341e20fa3,
공통_10-13,공통,독서,13,①,①,O,2,2,0.93,0.95,1,0.95,②,0.03,0.92,0.3549,0.0513,0.0036,1.0,0.95,0.03,0.01,0.01,0.0,4,0.4773,3217,207,3.378e-05,req_01a1059a83b3794b998f1e0341e20fa3,
공통_14-17,공통,독서,14,⑤,⑤,O,2,2,0.91,0.93,1,0.93,④,0.05,0.88,0.4463,0.0726,0.0076,1.0,0.01,0.0,0.01,0.05,0.93,4,0.4526,3219,207,3.38e-05,req_01a1059a83c275c98702527de15e965f,
공통_14-17,공통,독서,15,①,①,O,2,2,0.99,1.0,1,1.0,②,0.0,1.0,0.0,0.0,0.0,1.0,1.0,0.0,0.0,0.0,0.0,4,0.4526,3219,207,3.38e-05,req_01a1059a83c275c98702527de15e965f,
공통_14-17,공통,독서,16,②,②,O,2,2,0.67,0.73,1,0.73,⑤,0.2,0.53,1.1448,0.3147,0.1156,1.0,0.01,0.73,0.05,0.01,0.2,4,0.4526,3219,207,3.38e-05,req_01a1059a83c275c98702527de15e965f,
공통_14-17,공통,독서,17,②,③,X,3,0,0.59,0.23,2,0.67,③,0.23,0.44,1.3555,1.4697,1.0456,1.0,0.05,0.67,0.23,0.02,0.03,4,0.4526,3219,207,3.38e-05,req_01a1059a83c275c98702527de15e965f,
공통_18-21,공통,문학,18,④,②,X,2,0,0.3,0.19,3,0.44,⑤,0.27,0.17,1.9186,1.6607,0.9276,1.0,0.05,0.19,0.05,0.44,0.27,4,0.2964,3858,207,4.051e-05,req_01a1059a84e375a392dcbdeb394140d1,
공통_18-21,공통,문학,19,③,④,X,2,0,0.52,0.11,3,0.61,⑤,0.16,0.45,1.6727,2.2073,1.1988,1.0,0.03,0.09,0.61,0.11,0.16,4,0.2964,3858,207,4.051e-05,req_01a1059a84e375a392dcbdeb394140d1,
공통_18-21,공통,문학,20,③,③,O,2,2,0.45,0.55,1,0.55,⑤,0.25,0.3,1.7265,0.5978,0.2812,1.0,0.05,0.11,0.55,0.04,0.25,4,0.2964,3858,207,4.051e-05,req_01a1059a84e375a392dcbdeb394140d1,
공통_18-21,공통,문학,21,③,②,X,3,0,0.51,0.16,2,0.6,②,0.16,0.44,1.7379,1.8326,1.085,1.0,0.07,0.16,0.6,0.09,0.08,4,0.2964,3858,207,4.051e-05,req_01a1059a84e375a392dcbdeb394140d1,
공통_22-26,공통,문학,22,②,⑤,X,2,0,0.5,0.27,2,0.6,⑤,0.27,0.33,1.5033,1.3093,0.9004,1.0,0.05,0.6,0.01,0.07,0.27,5,0.2853,4068,258,3.417e-05,req_01a1059a84ee7ecdbaaf2932919fdecd,
공통_22-26,공통,문학,23,①,①,O,3,3,0.78,0.83,1,0.83,④,0.09,0.74,0.9397,0.1863,0.0396,1.0,0.83,0.03,0.01,0.09,0.04,5,0.2853,4068,258,3.417e-05,req_01a1059a84ee7ecdbaaf2932919fdecd,
공통_22-26,공통,문학,24,④,④,O,2,2,0.7,0.76,1,0.76,②,0.14,0.62,1.1663,0.2744,0.0814,1.0,0.01,0.14,0.05,0.76,0.04,5,0.2853,4068,258,3.417e-05,req_01a1059a84ee7ecdbaaf2932919fdecd,
공통_22-26,공통,문학,25,④,④,O,2,2,0.98,0.99,1,0.99,①,0.01,0.98,0.0808,0.0101,0.0002,1.0,0.01,0.0,0.0,0.99,0.0,5,0.2853,4068,258,3.417e-05,req_01a1059a84ee7ecdbaaf2932919fdecd,
공통_22-26,공통,문학,26,②,②,O,2,2,0.84,0.87,1,0.87,⑤,0.06,0.81,0.7673,0.1393,0.0232,1.0,0.01,0.87,0.05,0.01,0.06,5,0.2853,4068,258,3.417e-05,req_01a1059a84ee7ecdbaaf2932919fdecd,
공통_27-30,공통,문학,27,⑤,⑤,O,2,2,0.94,0.95,1,0.95,③,0.02,0.93,0.3825,0.0513,0.0032,1.0,0.01,0.01,0.02,0.01,0.95,4,0.2976,3568,207,3.746e-05,req_01a1059a84f0719fa60aa0910b6c45f7,
공통_27-30,공통,문학,28,⑤,⑤,O,2,2,0.69,0.75,1,0.75,②,0.1,0.65,1.1997,0.2877,0.0842,1.0,0.06,0.1,0.09,0.0,0.75,4,0.2976,3568,207,3.746e-05,req_01a1059a84f0719fa60aa0910b6c45f7,
공통_27-30,공통,문학,29,①,①,O,2,2,0.8,0.84,1,0.84,②,0.14,0.7,0.7413,0.1744,0.0454,1.0,0.84,0.14,0.01,0.0,0.01,4,0.2976,3568,207,3.746e-05,req_01a1059a84f0719fa60aa0910b6c45f7,
공통_27-30,공통,문학,30,③,③,O,3,3,0.65,0.72,1,0.72,②,0.09,0.63,1.3997,0.3285,0.0994,1.0,0.04,0.09,0.72,0.08,0.07,4,0.2976,3568,207,3.746e-05,req_01a1059a84f0719fa60aa0910b6c45f7,
공통_31-34,공통,문학,31,②,②,O,2,2,0.35,0.49,1,0.49,③,0.23,0.26,1.9262,0.7133,0.3424,1.0,0.07,0.49,0.23,0.07,0.14,4,0.2848,2888,207,3.032e-05,req_01a1059a84fb77b1b4f25728636bcb25,
공통_31-34,공통,문학,32,④,④,O,2,2,0.58,0.66,1,0.66,⑤,0.17,0.49,1.5236,0.4155,0.155,1.0,0.04,0.08,0.05,0.66,0.17,4,0.2848,2888,207,3.032e-05,req_01a1059a84fb77b1b4f25728636bcb25,
공통_31-34,공통,문학,33,①,①,O,2,2,0.64,0.71,1,0.71,④,0.22,0.49,1.1965,0.3425,0.1346,1.0,0.71,0.02,0.01,0.22,0.04,4,0.2848,2888,207,3.032e-05,req_01a1059a84fb77b1b4f25728636bcb25,
공통_31-34,공통,문학,34,④,③,X,3,0,0.13,0.3,1,0.3,④,0.3,0.0,2.1365,1.204,0.6442,1.0,0.05,0.19,0.3,0.3,0.16,4,0.2848,2888,207,3.032e-05,req_01a1059a84fb77b1b4f25728636bcb25,
화작_35-37,화작,화법과 작문,35,②,②,O,2,2,0.98,1.0,1,1.0,①,0.0,1.0,0.0,0.0,0.0,1.0,0.0,1.0,0.0,0.0,0.0,3,0.2871,2518,156,3.525e-05,req_01a1059a85dd7e1bab08aaeef52b2cc7,
화작_35-37,화작,화법과 작문,36,⑤,⑤,O,2,2,0.99,0.99,1,0.99,②,0.01,0.98,0.0808,0.0101,0.0002,1.0,0.0,0.01,0.0,0.0,0.99,3,0.2871,2518,156,3.525e-05,req_01a1059a85dd7e1bab08aaeef52b2cc7,
화작_35-37,화작,화법과 작문,37,③,③,O,2,2,0.91,0.93,1,0.93,⑤,0.04,0.89,0.416,0.0726,0.0067,0.99,0.01,0.0,0.93,0.01,0.04,3,0.2871,2518,156,3.525e-05,req_01a1059a85dd7e1bab08aaeef52b2cc7,
화작_38-42,화작,화법과 작문,38,③,①,X,2,0,0.36,0.25,2,0.49,①,0.25,0.24,1.9108,1.3863,0.8264,1.0,0.25,0.09,0.49,0.11,0.06,5,0.2446,4055,258,3.406e-05,req_01a1059a85e0769eb041e5500dcf7940,
화작_38-42,화작,화법과 작문,39,②,②,O,2,2,0.59,0.68,1,0.68,⑤,0.18,0.5,1.401,0.3857,0.1442,1.0,0.09,0.68,0.03,0.02,0.18,5,0.2446,4055,258,3.406e-05,req_01a1059a85e0769eb041e5500dcf7940,
화작_38-42,화작,화법과 작문,40,⑤,⑤,O,3,3,0.76,0.81,1,0.81,①,0.11,0.7,0.9065,0.2107,0.0519,0.99,0.11,0.06,0.01,0.0,0.81,5,0.2446,4055,258,3.406e-05,req_01a1059a85e0769eb041e5500dcf7940,
화작_38-42,화작,화법과 작문,41,④,④,O,2,2,1.0,1.0,1,1.0,①,0.0,1.0,0.0,0.0,0.0,1.0,0.0,0.0,0.0,1.0,0.0,5,0.2446,4055,258,3.406e-05,req_01a1059a85e0769eb041e5500dcf7940,
화작_38-42,화작,화법과 작문,42,④,④,O,2,2,0.54,0.64,1,0.64,①,0.12,0.52,1.6106,0.4463,0.1674,1.0,0.12,0.09,0.12,0.64,0.03,5,0.2446,4055,258,3.406e-05,req_01a1059a85e0769eb041e5500dcf7940,
화작_43-45,화작,화법과 작문,43,③,③,O,2,2,0.83,0.87,1,0.87,⑤,0.12,0.75,0.6083,0.1393,0.0314,1.0,0.0,0.0,0.87,0.01,0.12,3,0.2366,2744,156,3.842e-05,req_01a1059a85ea7f1094189b4adecf9bd3,
화작_43-45,화작,화법과 작문,44,②,②,O,2,2,0.98,0.99,1,0.99,⑤,0.01,0.98,0.0808,0.0101,0.0002,1.0,0.0,0.99,0.0,0.0,0.01,3,0.2366,2744,156,3.842e-05,req_01a1059a85ea7f1094189b4adecf9bd3,
화작_43-45,화작,화법과 작문,45,②,⑤,X,3,0,0.43,0.34,2,0.54,⑤,0.34,0.2,1.5543,1.0788,0.7326,1.0,0.02,0.54,0.05,0.05,0.34,3,0.2366,2744,156,3.842e-05,req_01a1059a85ea7f1094189b4adecf9bd3,
언매_35-36,언매,언어와 매체,35,③,③,O,2,2,0.39,0.51,1,0.51,④,0.45,0.06,1.2596,0.6733,0.4432,1.0,0.02,0.01,0.51,0.45,0.01,2,0.2326,2383,105,5.004e-05,req_01a1059a85ea7e71b94850d414f95953,
언매_35-36,언매,언어와 매체,36,⑤,②,X,3,0,0.1,0.14,4,0.27,①,0.25,0.02,2.2335,1.9661,0.9426,1.0,0.25,0.14,0.24,0.1,0.27,2,0.2326,2383,105,5.004e-05,req_01a1059a85ea7e71b94850d414f95953,
언매_37,언매,언어와 매체,37,②,④,X,2,0,0.11,0.25,2,0.29,④,0.25,0.04,2.2168,1.3863,0.726,1.0,0.21,0.29,0.17,0.25,0.08,1,0.2402,556,54,2.335e-05,req_01a1059a86cb74e89f62f6722fa45096,
언매_38,언매,언어와 매체,38,④,④,O,2,2,0.6,0.68,1,0.68,②,0.19,0.49,1.4146,0.3857,0.1446,1.0,0.06,0.19,0.03,0.68,0.04,1,0.2389,943,54,3.961e-05,req_01a1059a86c97de3bd44813d47106373,
언매_39,언매,언어와 매체,39,④,①,X,2,0,0.57,0.09,3,0.64,②,0.16,0.48,1.591,2.4079,1.2706,1.0,0.09,0.16,0.03,0.64,0.08,1,0.2316,852,54,3.578e-05,req_01a1059a86d47eb2a75a01e54ea7020c,
언매_40-43,언매,언어와 매체,40,②,②,O,2,2,0.93,0.95,1,0.95,①,0.04,0.91,0.3225,0.0513,0.0042,1.0,0.04,0.95,0.0,0.01,0.0,4,0.2407,3946,207,4.143e-05,req_01a1059a86f7789f99e51a20ae29f17c,
언매_40-43,언매,언어와 매체,41,②,④,X,2,0,0.69,0.09,2,0.75,④,0.09,0.66,1.2878,2.4079,1.4,1.0,0.07,0.75,0.03,0.09,0.06,4,0.2407,3946,207,4.143e-05,req_01a1059a86f7789f99e51a20ae29f17c,
언매_40-43,언매,언어와 매체,42,⑤,⑤,O,3,3,0.94,0.95,1,0.95,②,0.02,0.93,0.3625,0.0513,0.0034,1.0,0.01,0.02,0.0,0.02,0.95,4,0.2407,3946,207,4.143e-05,req_01a1059a86f7789f99e51a20ae29f17c,
언매_40-43,언매,언어와 매체,43,②,②,O,2,2,0.75,0.79,1,0.79,①,0.13,0.66,1.0677,0.2357,0.0632,1.0,0.13,0.79,0.03,0.03,0.02,4,0.2407,3946,207,4.143e-05,req_01a1059a86f7789f99e51a20ae29f17c,
언매_44-45,언매,언어와 매체,44,④,④,O,2,2,0.95,0.96,1,0.96,③,0.02,0.94,0.3023,0.0408,0.0022,1.0,0.01,0.0,0.02,0.96,0.01,2,0.217,2502,105,5.254e-05,req_01a1059a87b97c88a2ed0cbfc4435c0f,
언매_44-45,언매,언어와 매체,45,③,③,O,2,2,0.75,0.79,1,0.79,①,0.09,0.7,1.0733,0.2357,0.0608,1.0,0.09,0.01,0.79,0.02,0.09,2,0.217,2502,105,5.254e-05,req_01a1059a87b97c88a2ed0cbfc4435c0f,
